{
    "accuracy": 0.986,
    "precision": 0.989010989010989,
    "recall": 0.9917355371900827,
    "f1": 0.9903713892709766,
    "confusion_matrix": [
        [
            266,
            8
        ],
        [
            6,
            720
        ]
    ],
    "training_history": {
        "accuracy": [
            0.998
        ],
        "val_accuracy": [
            0.986
        ]
    }
}