{
    "accuracy": 0.9331244366227411,
    "precision": 0.9441250115923212,
    "recall": 0.9829583856329053,
    "f1": 0.9631504257332072,
    "confusion_matrix": [
        [
            1378,
            1205
        ],
        [
            353,
            20361
        ]
    ],
    "training_history": {
        "accuracy": [
            0.9346246713526856
        ],
        "val_accuracy": [
            0.9331244366227411
        ]
    }
}