{
    "accuracy": 0.92,
    "precision": 0.922077922077922,
    "recall": 0.9726027397260274,
    "f1": 0.9466666666666667,
    "confusion_matrix": [
        [
            21,
            6
        ],
        [
            2,
            71
        ]
    ],
    "classification_report": {
        "0": {
            "precision": 0.9130434782608695,
            "recall": 0.7777777777777778,
            "f1-score": 0.84,
            "support": 27.0
        },
        "1": {
            "precision": 0.922077922077922,
            "recall": 0.9726027397260274,
            "f1-score": 0.9466666666666667,
            "support": 73.0
        },
        "accuracy": 0.92,
        "macro avg": {
            "precision": 0.9175607001693957,
            "recall": 0.8751902587519026,
            "f1-score": 0.8933333333333333,
            "support": 100.0
        },
        "weighted avg": {
            "precision": 0.919638622247318,
            "recall": 0.92,
            "f1-score": 0.9178666666666666,
            "support": 100.0
        }
    }
}